{
  "difficulty": "easy",
  "epochs": 3,
  "training_time_seconds": 0.6561524868011475,
  "final_avg_reward": 17.86666666666667,
  "final_std_reward": 1.0772908407461568,
  "best_reward": 18.750000000000007,
  "worst_reward": 16.35,
  "final_epsilon": 0.990025,
  "total_transitions": 150,
  "model_info": {
    "model_type": "DQN",
    "state_dim": 50,
    "action_dim": 7,
    "total_parameters": 15239,
    "trainable_parameters": 15239,
    "epsilon": 0.985074875,
    "device": "cpu"
  },
  "training_metrics": {
    "episode_rewards": [
      16.35,
      18.500000000000007,
      18.750000000000007
    ],
    "episode_lengths": [
      50,
      50,
      50
    ],
    "losses": [],
    "epsilon_values": [
      1.0,
      0.995,
      0.990025
    ],
    "avg_rewards": []
  }
}