{
  "episode_rewards": [
    16.35,
    18.500000000000007,
    18.750000000000007
  ],
  "episode_lengths": [
    50,
    50,
    50
  ],
  "losses": [],
  "epsilon_values": [
    1.0,
    0.995,
    0.990025
  ],
  "avg_rewards": []
}